John Doe,john.doe@email.com,1234
María López,maria.lopez@email.com,1234
Carlos Pérez,carlos.perez@email.com,1234
Ana García,ana.garcia@email.com,1234
Pedro Sánchez,pedro.sanchez@email.com,1234
Laura Gómez,laura.gomez@email.com,1234
Jorge Ruiz,jorge.ruiz@email.com,1234
Sara Martínez,sara.martinez@email.com,1234
Luis Fernández,luis.fernandez@email.com,1234
Marta Ortega,marta.ortega@email.com,1234
Isabel Jiménez,isabel.jimenez@email.com,1234
David Torres,david.torres@email.com,1234
Sofía Morales,sofia.morales@email.com,1234
Alejandro Vega,alejandro.vega@email.com,1234
Carolina Núñez,carolina.nunez@email.com,1234
Francisco Ramos,francisco.ramos@email.com,1234
Teresa Castro,teresa.castro@email.com,1234
Enrique Herrera,enrique.herrera@email.com,1234
Julia Navarro,julia.navarro@email.com,1234
Miguel Álvarez,miguel.alvarez@email.com,1234

